{
  "condition": "entity_properties",
  "entity": "this",
  "predicate": {
    "equipment": {
      "mainhand": {
        "items": [
          "minecraft:white_dye",
          "minecraft:light_gray_dye",
          "minecraft:gray_dye",
          "minecraft:black_dye",
          "minecraft:brown_dye",
          "minecraft:red_dye",
          "minecraft:orange_dye",
          "minecraft:yellow_dye",
          "minecraft:lime_dye",
          "minecraft:green_dye",
          "minecraft:cyan_dye",
          "minecraft:light_blue_dye",
          "minecraft:blue_dye",
          "minecraft:purple_dye",
          "minecraft:magenta_dye",
          "minecraft:pink_dye"
        ]
      }
    }
  }
}